Quartier,Type de Bien,Surface (m²),Prix (€),Nombre de Pièces,Nombre de Chambres,Nombre de Salles d'eau,Descriptif de l'Annonce,Agence Mandatée / Vendeur,URL de l'annonce (ou source)
Hauts d'Asnières-Métro,Appartement (Neuf),45.2,295400,2,1,Non spécifié,"Appartement neuf 2 pièces avec balcon, parking en sus.",SA BOUYGUES IMMOBILIER,https://mms.seloger.com/f/0/9/2/f0929efb-a234-452f-a025-018c03792274.jpg?ci_seal=d4e710f4c4fa709ec6dd31ce52e942220608c82c&w=382
Hauts d'Asnières-Métro,Appartement (Neuf),41.8,295000,2,1,Non spécifié,"Appartement neuf 2 pièces, balcon, parking en sus.",CRENN & ODEAU,https://mms.seloger.com/5/d/0/b/5d0b098d-6bb3-4e99-ac39-97b660793ce6.jpg?ci_seal=21940e42de9e82315d4e19c873a11e4766efb5bb&w=382
Asnières-sur-Seine (Général),Appartement,32.5,180000,2,1,Non spécifié,"Appartement 2 pièces, bon état général.",CENTURY 21 L'AMI Immobilier CONSEIL,https://mms.seloger.com/a/d/9/8/ad98334f-0aea-46fc-abb4-753e86f6d791.jpg?ci_seal=916326a16d3ce1391adbc08b50baf16f0c417ebe&w=384
Asnières-sur-Seine (Général),Appartement (Neuf),42.0,291000,2,1,Non spécifié,Appartement neuf 2 pièces.,RECHERCHE APPARTEMENT OU MAISON,https://mms.seloger.com/c/7/7/9/c779b750-9620-48f2-bdbc-0553d1951449.jpg?ci_seal=69ee888a0d1167c98b9038bfc10d84d28cd98a0d&w=382
Voltaire-Grésillons,Appartement (Neuf),46.0,329000,2,1,Non spécifié,Appartement neuf 2 pièces.,ELIXIUM,https://mms.seloger.com/6/8/9/f/689f21f7-29f4-45ef-87b1-722065df880d.jpg?ci_seal=0af039c532b7bd0f71725e85681312af512332ba&w=382
Voltaire-Grésillons,Appartement,41.0,315000,2,1,Non spécifié,Appartement 2 pièces.,Agences de France,https://mms.seloger.com/9/7/1/6/9716f850-fd94-40f9-8cc8-6d23160bdda7.jpg?ci_seal=eb82b9155f2fabb92266c62403050d67e21848a8&w=384
Bac-Bécon-Flachat-Gare,Appartement,28.0,235000,1,Non spécifié,Non spécifié,Studio.,LAFORÊT BOIS COLOMBES,https://mms.seloger.com/5/5/e/d/55edaaef-169d-431e-a4b9-210ed6c0423d.jpg?ci_seal=4414d3a126df8f3b95fc83039c173ee803e3a3d8&w=384
Hauts d'Asnières-Métro,Appartement (Neuf),38.0,260000,2,1,Non spécifié,Appartement neuf 2 pièces.,ABI SERVICES,https://mms.seloger.com/3/5/a/c/35acaabe-dabf-4670-879c-c405209da09b.jpg?ci_seal=b563e2baa6b98b1658e2b68ecefc5c876b385d30&w=382
Asnières-sur-Seine (Général),Appartement,40.0,285000,2,1,Non spécifié,Appartement 2 pièces.,MANDA,https://mms.seloger.com/7/b/4/7/7b47eb51-3fb5-47dd-85a2-07658f939bbc.jpg?ci_seal=e290e039d7db7c383a86c69d5f69945d2acdd0ab&w=384
Asnières-sur-Seine (Général),Appartement,61.0,297000,3,2,Non spécifié,Appartement 3 pièces.,Imop,https://mms.seloger.com/4/f/8/1/4f81d42f-783d-4116-bcdf-bfb1f4966794.jpg?ci_seal=cf73db34a1fe8dad0209984f81f6631f716726c9&w=384
